{
    "metadata":{
        "uvs":1,
        "type":"Geometry",
        "generator":"io_three",
        "normals":6,
        "faces":6,
        "version":3,
        "vertices":8
    },
    "vertices":[-0.5,-0.5,0.5,-0.5,0.5,0.5,-0.5,-0.5,-0.5,-0.5,0.5,-0.5,0.5,-0.5,0.5,0.5,0.5,0.5,0.5,-0.5,-0.5,0.5,0.5,-0.5],
    "normals":[-1,0,0,0,-2.98023e-08,-1,1,0,0,0,2.98023e-08,1,0,-1,2.98023e-08,0,1,-2.98023e-08],
    "faces":[41,0,1,3,2,0,1,2,3,0,0,0,0,41,2,3,7,6,4,5,6,7,1,1,1,1,41,6,7,5,4,8,9,10,11,2,2,2,2,41,1,0,4,5,14,15,12,13,3,3,3,3,41,4,0,2,6,18,19,16,17,4,4,4,4,41,7,3,1,5,20,21,22,23,5,5,5,5],
    "uvs":[[0.666667,0.333333,0.333333,0.333333,0.333333,3.97364e-08,0.666667,0,0.333333,0.666667,3.97364e-08,0.666667,0,0.333333,0.333333,0.333333,0.333333,0.333333,1.29143e-07,0.333333,0,8.94069e-08,0.333333,0,0.333333,0.666667,0.333333,0.333333,0.666667,0.333333,0.666667,0.666667,1,0.333333,0.666667,0.333333,0.666667,2.98023e-08,1,0,0.333333,0.666667,0.333333,1,4.96705e-08,1,0,0.666667]]
}