{
    "vertices":[1.37121,-0.785166,-2.10524,1.37121,-0.785166,-0.105245,-0.628794,-0.785166,-0.105245,-0.628794,-0.785166,-2.10525,1.37121,1.21483,-2.10524,1.37121,1.21483,-0.105244,-0.628794,1.21483,-0.105245,-0.628794,1.21483,-2.10524],
    "faces":[33,0,1,2,3,0,0,0,0,33,4,7,6,5,1,1,1,1,33,0,4,5,1,2,2,2,2,33,1,5,6,2,3,3,3,3,33,2,6,7,3,4,4,4,4,33,4,0,3,7,5,5,5,5],
    "metadata":{
        "vertices":8,
        "faces":6,
        "version":3,
        "normals":6,
        "generator":"io_three",
        "uvs":0,
        "type":"Geometry"
    },
    "uvs":[],
    "normals":[-4.44089e-15,-1,2.98023e-08,0,1,0,1,5.96046e-08,2.98023e-07,-2.83122e-07,-7.45059e-08,1,-1,-1.49012e-07,-2.08616e-07,2.38419e-07,2.38419e-07,-1]
}