{
    "metadata":{
        "uvs":1,
        "type":"Geometry",
        "generator":"io_three",
        "normals":75,
        "faces":80,
        "version":3,
        "vertices":70
    },
    "vertices":[-0.475,-0.475,0.475,-0.475,-0.475,-0.475,0.475,-0.475,0.475,0.475,-0.475,-0.475,-0.5,-0.5,0.5,-0.5,0.5,0.5,-0.5,-0.5,-0.5,-0.5,0.5,-0.5,0.5,-0.5,0.5,0.5,0.5,0.5,0.5,-0.5,-0.5,0.5,0.5,-0.5,-0.475,0.5,0.475,0.475,0.5,0.475,-0.475,0.5,-0.45125,-0.475,0.5,-0.475,0.475,0.5,0.45125,0.475,0.5,-0.475,-1.29607,1.02639,0.5,-1.31676,1.04042,0.5,-1.29607,1.02639,-0.5,-1.31676,1.04042,-0.5,-1.18385,1.19194,0.425,-1.22593,1.12986,0.5,-1.18591,1.1889,0.448176,-1.19189,1.18008,0.469084,-1.2012,1.16635,0.485676,-1.21293,1.14904,0.496329,-1.24662,1.14389,0.5,-1.20454,1.20597,0.425,-1.23362,1.16307,0.496329,-1.22189,1.18038,0.485676,-1.21258,1.19411,0.469084,-1.2066,1.20293,0.448176,-1.22593,1.12986,-0.5,-1.18385,1.19194,-0.425,-1.21293,1.14904,-0.496329,-1.2012,1.16635,-0.485676,-1.19189,1.18008,-0.469084,-1.18591,1.1889,-0.448176,-1.20454,1.20597,-0.425,-1.24662,1.14389,-0.5,-1.2066,1.20293,-0.448176,-1.21258,1.19411,-0.469084,-1.22189,1.18038,-0.485676,-1.23362,1.16307,-0.496329,-0.475002,0.50002,0.5,-0.489015,0.479316,0.5,-0.475002,0.50002,-0.5,-0.489015,0.479316,-0.5,-1.30316,1.06051,0.5,-1.31718,1.03981,0.5,-1.30316,1.06051,-0.5,-1.31718,1.03981,-0.5,-0.475,0.799995,-0.474937,-0.475,0.8,-0.499937,-0.475,0.499995,-0.475,-0.475,0.5,-0.5,0.475,0.799995,-0.474937,0.475,0.8,-0.499937,0.475,0.499995,-0.475,0.475,0.5,-0.5,-0.475,0.49999,0.475,-0.475,0.5,0.5,-0.475,0.79999,0.474881,-0.475,0.8,0.499881,0.475,0.49999,0.475,0.475,0.5,0.5,0.475,0.79999,0.474881,0.475,0.8,0.499881],
    "normals":[1,-0,0,1,3.05665e-08,0,1,3.13502e-08,-3.21752e-08,-1.56854e-08,7.64162e-08,1,-1,0,-0,-1,3.05665e-08,0,-1,3.13502e-08,3.21752e-08,1.56854e-08,-4.58497e-08,-1,0,1,-6.27417e-08,-1,0,0,0,-2.98023e-08,-1,1,0,0,0,2.98023e-08,1,0,-1,2.98023e-08,0,1,-0,6.27418e-08,1,-3.21752e-08,0,1,0,-2.98023e-08,1,-2.98023e-08,-0,1,0,6.27417e-08,1,-3.21752e-08,-2.98024e-08,1,-2.98023e-08,-0.561103,-0.827746,0,0,0,1,-0.827724,0.561136,0,-0.827745,0.561104,-5.38797e-06,-0.827747,0.561102,-1.77035e-05,-0.827748,0.5611,0,-0.827748,0.5611,7.35766e-06,-0.827762,0.56108,-2.40326e-05,-0.827759,0.561085,-8.49879e-06,-0.827749,0.561098,1.92418e-07,-0.82775,0.561097,-4.00957e-07,-0.827748,0.5611,9.55336e-06,-0.827744,0.561106,-1.20196e-07,-0.827749,0.561099,2.09534e-08,0.561097,0.82775,0,0,0,-1,0.554188,0.81756,-0.156435,0.499941,0.737532,-0.453988,0.396755,0.585307,-0.707108,0.254732,0.375791,-0.891006,0.0877739,0.129487,-0.987689,0.0877753,0.129489,0.987688,0.254733,0.375792,0.891006,0.396755,0.585307,0.707108,0.499942,0.73753,0.453991,0.554191,0.817559,0.156431,0.827749,-0.561099,0,0.827755,-0.56109,-2.52296e-05,0.82775,-0.561097,-4.23343e-06,0.827739,-0.561114,0,0.827749,-0.561099,2.86507e-06,0.827752,-0.561094,7.95386e-06,0.827749,-0.561099,-1.39542e-05,0.82775,-0.561097,2.74072e-07,0.827747,-0.561101,-6.33699e-08,0.827751,-0.561096,4.03295e-06,0.827749,-0.561099,-3.84227e-08,0.827748,-0.561101,-9.42639e-08,0.828161,-0.56049,2.09547e-08,-0.828165,0.560484,1.30385e-07,-2.46812e-08,1.67038e-08,1,0.560491,0.828161,-8.9407e-08,-0.560491,-0.828161,1.78814e-07,-1,0,0,0,-1,-0.000209809,1,0,0,0,1,0.000209809,0,-0.00020951,1,0,0.00020951,-1,-1,-0,0,0,1,-0.000395775,0,-1,0.000396966,0,-0.000397066,-1,0,0.000397165,1],
    "faces":[40,12,0,1,4,0,1,0,0,0,40,1,15,14,1,2,3,1,1,1,40,1,14,12,1,3,4,2,2,2,41,1,3,17,15,5,6,7,8,3,3,3,3,40,17,3,2,12,4,9,4,4,4,40,2,13,16,9,10,11,5,5,5,40,2,16,17,9,11,12,6,6,6,41,2,0,12,13,13,14,15,16,7,7,7,7,41,1,0,2,3,17,18,19,9,8,8,8,8,41,4,5,7,6,20,21,22,23,9,9,9,9,41,6,7,11,10,24,25,26,27,10,10,10,10,41,10,11,9,8,28,29,30,31,11,11,11,11,41,8,9,5,4,32,33,27,34,12,12,12,12,41,6,10,8,4,35,36,37,38,13,13,13,13,40,7,14,15,40,41,42,14,14,14,40,17,16,9,43,44,45,15,15,15,40,7,15,17,40,42,43,16,16,16,40,17,9,11,43,45,39,17,17,17,40,11,7,17,39,40,43,18,18,18,40,9,16,13,45,44,46,18,18,18,40,12,14,7,47,41,40,19,19,19,40,9,13,12,45,46,47,16,16,16,40,12,7,5,47,40,48,20,20,20,40,9,12,5,45,47,48,18,18,18,41,18,19,21,20,49,50,51,52,21,21,21,21,41,23,28,19,18,53,54,55,56,22,22,22,22,40,29,40,42,70,57,58,23,23,23,40,42,43,44,58,59,60,24,24,24,40,44,45,41,60,61,62,25,25,25,40,41,21,19,62,63,64,26,26,26,40,19,28,30,64,65,66,27,27,27,40,30,31,32,66,67,68,28,28,28,40,32,33,29,68,69,70,29,29,29,40,29,42,44,70,58,60,30,30,30,40,44,41,19,60,62,64,31,31,31,40,19,30,32,64,66,68,32,32,32,40,32,29,44,68,70,60,33,33,33,40,44,19,32,60,64,68,34,34,34,41,35,40,29,22,71,72,73,74,35,35,35,35,41,20,21,41,34,75,76,77,78,36,36,36,36,41,40,35,39,42,72,71,79,80,37,37,37,37,41,42,39,38,43,80,79,81,82,38,38,38,38,41,43,38,37,44,83,84,85,86,39,39,39,39,41,44,37,36,45,86,85,87,88,40,40,40,40,41,45,36,34,41,88,87,78,77,41,41,41,41,41,28,23,27,30,54,53,89,90,42,42,42,42,41,30,27,26,31,90,89,91,92,43,43,43,43,41,31,26,25,32,92,91,93,94,44,44,44,44,41,32,25,24,33,1,95,96,97,45,45,45,45,41,33,24,22,29,97,96,74,73,46,46,46,46,40,18,20,34,64,98,99,47,47,47,40,34,36,37,99,100,101,48,48,48,40,37,38,39,101,102,103,49,49,49,40,39,35,22,103,104,105,50,50,50,40,22,24,25,105,106,107,51,51,51,40,25,26,27,107,108,109,52,52,52,40,27,23,18,109,110,64,53,53,53,40,18,34,37,64,99,101,54,54,54,40,37,39,22,101,103,105,55,55,55,40,22,25,27,105,107,109,56,56,56,40,27,18,37,109,64,101,57,57,57,40,37,22,27,101,105,109,58,58,58,41,46,47,49,48,111,112,113,114,59,59,59,59,41,48,49,53,52,115,116,117,118,36,36,36,36,41,52,53,51,50,119,120,121,122,60,60,60,60,41,50,51,47,46,123,115,124,125,61,61,61,61,41,48,52,50,46,126,127,128,129,62,62,62,62,41,53,49,47,51,130,131,132,126,63,63,63,63,41,54,55,57,56,133,134,135,136,64,64,64,64,41,56,57,61,60,137,138,139,140,65,65,65,65,41,60,61,59,58,141,142,143,144,66,66,66,66,41,58,59,55,54,145,146,147,148,67,67,67,67,41,56,60,58,54,149,150,151,152,68,68,68,68,41,61,57,55,59,150,153,154,155,69,69,69,69,41,62,63,65,64,156,157,158,159,70,70,70,70,41,64,65,69,68,146,145,160,119,71,71,71,71,41,68,69,67,66,161,162,163,164,0,0,0,0,41,66,67,63,62,145,165,131,166,72,72,72,72,41,64,68,66,62,167,168,169,170,73,73,73,73,41,69,65,63,67,171,172,173,174,74,74,74,74],